Title,Takeaway,Authors,Year,Citations,Abstract,Study Type,Journal,Journal SJR Quartile,DOI,Consensus Link
"Child Growth and Development Monitoring in the Digital Era: A Systematic Review of Mobile and Digital Health Applications in Indonesia","Indonesian digital child growth and development monitoring applications need improved interoperability, user-centered design, and equitable access to enhance their effectiveness in improving early childhood health outcomes.","Norlaila Sofia, Tien Zubaidah, Hapisah, N. Aprilea, Rusmilawaty",2026,3,"Monitoring child growth and development is essential for improving early childhood health outcomes and preventing stunting; however, monitoring systems in Indonesia remain fragmented and largely focused on anthropometric data. This study synthesizes evidence on digital applications developed between 2020 and 2025 to support child growth and developmental monitoring in Indonesia. Following PRISMA guidelines, 18 studies were identified from national and international databases and appraised using the JBI checklist. The review examined application characteristics, monitoring functions, design quality, user experience, and their contributions to parenting and developmental stimulation. Findings show that most applications prioritize physical growth tracking, while only a minority integrate assessments of cognitive, motor, and socio-emotional development. Thematic synthesis identifies three major gaps: limited incorporation of holistic developmental frameworks, suboptimal interface and interaction quality, and insufficient evidence-based educational content to support sustained caregiver engagement. Although most systems demonstrate high functional performance and methodological quality, interoperability with regional health information networks remains weak, and long-term user engagement is inconsistently documented. Contextual factors influencing these patterns include variability in digital literacy, infrastructural disparities across regions, and the technical challenges of digitizing developmental screening tools. The increasing use of Agile and RAD development approaches indicates potential to improve adaptability, usability, and iterative system refinement. This review underscores the need for integrated, family-centered digital platforms supported by national policy, capacity-building initiatives, and standardized developmental assessment protocols. The synthesized insights provide a foundation for guiding future system development, with interoperability, user-centered design, and equitable access as core principles for strengthening Indonesia’s digital child-health monitoring ecosystem.","systematic review","Jurnal Teknokes","","10.35882/jteknokes.v19i1.128","https://consensus.app/papers/child-growth-and-development-monitoring-in-the-digital-era-sofia-zubaidah/cf7b9e736c7055b4afaa43ca2826c6c3/"
"Analysis of Factors Influencing the Intention-to-Use Child-Monitoring Health Applications with Technology Acceptance Model 3 (TAM 3) (Study Case: Sukabumi Regency)","Enhancing user experience and perceived benefits significantly influences the intention to use child-monitoring health applications to combat stunting in Indonesian high-poverty areas.","A. Amrullah, Rahmat Fauzi, Widia Febriyani",2024,1,"In Indonesia, stunting which is caused by persistent malnutrition is a serious problem, particularly in areas with high rates of poverty. The Indonesian Central Statistics Agency reports that the growth retardation rate remains elevated, reaching 24.40 percent in 2021 (SSGI), especially in high-poverty rural and urban areas. The government wants to lower stunting rates by transforming the healthcare industry digitally in order to solve this problem. Nonetheless, there is still insufficient knowledge in the study field about the application of child-monitoring health applications. Using a survey method and a quantitative methodology, this study is theoretically underpinned by the Technology Acceptance Model 3 (TAM 3). The study population consists of parents, particularly pregnant mothers and mothers of toddlers, in Ciheulang Village, Cibadak District, Sukabumi, West Java, totaling 759 individuals, with a sample size of 262. The findings indicate that variables such as Experience, Image, and Perceived Usefulness significantly influence the plan to utilize the child-monitoring health application. For instance, Experience (H4) has a path coefficient of 0.422 and a t-statistic of 5.441. Conversely, Subjective Norm (H1) does not significantly impact Perceived Usefulness, also path coefficient of 0.049 and a t-statistic of 0.785. This research highlights the importance of enhancing user experience and perceived benefits to encourage application usage. The findings are expected to assist application developers in providing more effective services for stunting monitoring.","cross-sectional study","2024 International Conference on Intelligent Cybernetics Technology & Applications (ICICyTA)","","10.1109/icicyta64807.2024.10913026","https://consensus.app/papers/analysis-of-factors-influencing-the-intentiontouse-amrullah-fauzi/958802e33a805c31b8d05db617b2b25e/"
"SiKurang: Development and Field Evaluation of an Offline-First mHealth System for Community-Based Stunting Risk Detection and Counselling in Low-Connectivity Primary Care Settings","SiKurang is a feasible and acceptable offline-first mHealth application for community-based stunting risk detection and counseling in low-connectivity primary care settings, offering a scalable template for strengthening maternal-child health.","M. R. Istambul, Parlindungan Parlindungan, Jhon Henry Wijaya, Reza Zezarina, Dery Fachrizsal",2026,0,"Background: Despite growing interest in mHealth solutions for community nutrition, no prior study has evaluated an integrated offline system combining on-device machine learning, NLP-based counseling, and geospatial visualization for non-specialist cadres within Indonesia's Posyandu network the gap this study addresses.
Objective: We aimed to evaluate the feasibility, accuracy, usability, and early effects of an offline-first Android application (SiKurang) for stunting risk assessment, counseling, and geospatial visualization.
Methods: We conducted a convergent mixed-methods, single-arm pre–post pilot at two Posyandu over 12 weeks, involving mothers/caregivers, community health cadres, and nutritionists. Outcomes included AUROC for on-device risk scoring, System Usability Scale (SUS), User Experience Questionnaire (UEQ-S), caregiver knowledge, administrative burden, and targeted home visits; interviews were thematically analyzed.
Results: On-device risk scoring achieved AUROC 0.87; usability was high (SUS 84.2; UEQ-S 1.86). Caregiver knowledge improved markedly (Cohen's d = 1.28). Risk maps supported a 22% increase in targeted home visits. The app operated reliably offline and synchronized upon connectivity, reducing administrative workload, with no major cultural or usability barriers reported.
Conclusion: The application was feasible and acceptable in primary care, enabling timely, data-informed counseling and referral in low-connectivity environments. This study provided field evidence for an offline-first, low-cost mHealth model delivering on-device analytics and geovisualization for non-specialist cadres, offering a scalable template for strengthening maternal–child health at the last mile. Scientifically, this study contributes the first field-validated, multi-component offline mHealth framework for community-level stunting surveillance in a low-resource LMIC setting.","other","Glosains: Jurnal Sains Global Indonesia","","10.59784/glosains.v7i2.670","https://consensus.app/papers/sikurang-development-and-field-evaluation-of-an-istambul-parlindungan/6de19b27c673544faa0f6bd2e564e5d6/"
"Development and Usability Evaluation of the ""Si BINTANG"" Audiovisual Web Application for Integrated Child Growth and Development Monitoring","The Si BINTANG web application, a hybrid digital-print integration, shows high system quality, usability, and user acceptance, potentially enhancing health education and promoting family-based stunting prevention in low-literacy or resource-limited settings.","Norlaila Sofia, Hapisah, N. Aprilea, Rusmilawaty, Yuniarti, Zakiah",2025,0,"Indonesia’s child growth monitoring system, essential for national stunting prevention, still relies on paper-based tools such as the Child Health Card (KMS), which often face challenges of low parental engagement, fragmented data management, and limited health literacy. Existing digital applications primarily function as data logbooks, lacking interactive audiovisual content that can effectively support parents with diverse literacy levels and learning needs. This gap highlights the urgency for innovative health communication strategies that bridge conventional and digital media to enhance participatory learning and improve community-based child monitoring practices. This study developed and evaluated Si BINTANG (Interactive Barcode-Based Growth and Development Information System). This hybrid audiovisual web platform connects a printed child monitoring book with digital content through QR code technology. The application was designed using a user-centered and health communication approach to enhance parental understanding, motivation, and engagement in monitoring their child's growth and development. A preliminary usability evaluation involving experts and mothers of children under five indicated high system quality, usability, and user acceptance, demonstrating positive responses across functionality, accessibility, and user satisfaction. These results suggest that hybrid digital–print integration can enhance health education by making it more interactive, inclusive, and accessible for families, particularly in low-literacy or resource-limited settings. While the findings show encouraging potential, this study acknowledges several limitations, including the small and localized sample size. Future research will focus on large-scale implementation and impact assessment on parental knowledge, behavioral change, and child health outcomes. The Si BINTANG platform represents a promising direction for strengthening family-based stunting prevention through hybrid digital innovation, contributing to Indonesia’s ongoing digital health transformation and community empowerment agenda.","other","Jurnal Teknokes","","10.35882/jteknokes.v18i4.127","https://consensus.app/papers/development-and-usability-evaluation-of-the-si-bintang-sofia-hapisah/6907ea68fda0518084962d4e0dba9087/"
"UI/UX Design of Stunting Survey Application Prototype User Centreed Design Method","The stunting survey application prototype, designed using User-Centered Design, is well-received and easy to navigate by testers, focusing on user needs and convenience.","E. Pawenrusi, Kamariana Kamariana, Andi Yulia Kasma, Eka Wahyuni, Andryanto Aman",2024,1,"The purpose of this research is to design UI/UX prototype of the stunting survey application according to user needs, namely (a) users can manage family data, (b), manage prospective bride data, (c) users can input questionnaire data, (d) search data, (e) see evaluation of questionnaire survey results, and (f) users can see the coordinate points of the survey results. The method used in the research is User Centered Design (UCD) which consists of 4 stages, namely Understand context of use, Specify user requirements, Design solutions, Evaluate against requirements. This research successfully designed the design and prototype of a stunting survey application that focuses on user needs and convenience. The prototype testing scenario was carried out with 2 experts who each have expertise in the field of UI/UX Designers and in the field of Public Health, the test results showed that the application interface was well received by the testers, and most tasks could be completed smoothly. This shows that the stunting survey application prototype has been made according to user needs, functional suitability, and easy to navigate by users. The results of this research are expected to be implemented in the actual environment so as to get feedback from users, in this case public health officers as surveyors.","other","Brilliance: Research of Artificial Intelligence","","10.47709/brilliance.v4i2.4629","https://consensus.app/papers/uiux-design-of-stunting-survey-application-prototype-user-pawenrusi-kamariana/6883995185055549ae73d77cf7f48e34/"
"Anaceting Mobile Health Application: An Innovative Digital Solution for Early Stunting Detection in Indonesian Children","The ANACETING Android app is an effective tool for early stunting detection in Indonesian toddlers, providing educational content and community support for preventing it.","Riski Novera Yenita, Viana Anggraini, Afdhal Islami, Khaidir Ansyari",2025,2,"Stunting is a complicated public health problem in Indonesia, with a countrywide rate of 21.5% in 2023. Puskesmas Rejosari in Pekanbaru City had the most stunting instances, with 50 out of 239. This shows that new ways are needed to find stunting cases early and teach people in the community about it. The goal of this study is to create the ANACETING (Stunting Prevention Information Application) Android app as a digital tool for finding stunting in toddlers early. The study is at the fourth stage of the Research and Development (R&D) approach and includes 30 mothers of toddlers as test subjects.A panel of media and material experts conducted validation using a structured questionnaire with 22 items on a Likert scale instrument. The app contains tools for measuring growth, interactive educational content, guidelines for supplementary feeding, immunization schedules, and a space for individuals in the community to chat about topics. The media expert gave it a score of 4.00 (in the ""Feasible"" category), while the content expert gave it a score of 4.00 with a content validity grade of 0.80. The user trials showed a satisfaction score of 4.20 and a System Usability Scale score of 82.5 (category ""Very Feasible""). The job completion rate was 96%, and the user retention rate was 87%. The ANACETING software has shown to be a good digital learning tool since it is easy to use, works on a lot of Android devices, and can be used offline. Women may learn more about stunting and support community-level initiatives to stop it by using the app. This research helps Indonesia's digital health technology expand by employing a strategy that may work in any part of the nation.","other","Jurnal Penelitian Pendidikan IPA","","10.29303/jppipa.v11i6.11923","https://consensus.app/papers/anaceting-mobile-health-application-an-innovative-yenita-anggraini/f5c5b0ffb0f85d3db5cbfc57229cb75a/"
"Perancangan UI/UX Aplikasi Stunting Your Buddy dengan Metode User-Centered Design","The user-centered design method successfully created the Stunting Your Buddy application, providing young women with stunting prevention education and meeting user expectations.","Anak Agung Gede Putra, Ni Luh Risma Putri Wirdianthi, Renald Kevin Azzaky",2025,1,"The aim of this study is to design a mobile application that can assist in handling stunting in Panjer Village, Bali. Stunting is a condition where a child cannot grow to their optimal height according to the height of a child of their age. In this digital era, education can be conducted through various platforms, such as applications that are now commonly used. Based on a field survey that has been conducted by researching the needs of users one and two, Your Buddy will be designed to help provide education for young women about stunting prevention. Furthermore, this application will serve as an intermediary for pediatric specialists to provide education regarding stunting. This research focuses on an application that will function for stunting prevention education, requiring improvements in terms of appearance (UI) and usability (UX) to make it more appealing and user-friendly. To achieve this goal, this study will utilize the User Centered Design (UCD) method. The UCD method consists of four stages: specify the context of use, specify user and organizational requirements, produce design solutions, and evaluate design against user requirements. After testing several potential users, a final SUS score of 87.5 was obtained, which falls into point B with an Excellent category. The design of the Your Buddy application is proven to have quality that meets user expectations, but in the future, it is recommended to add AI features and increase the number of respondents to expand this research.","other","Jurnal Indonesia : Manajemen Informatika dan Komunikasi","","10.35870/jimik.v6i1.1132","https://consensus.app/papers/perancangan-uiux-aplikasi-stunting-your-buddy-dengan-putra-wirdianthi/e760c2db5b00581b99d28fcfeecd32ff/"
"Perancangan UI/UX Aplikasi Mobile untuk Pencegah Stunting pada Anak di Indonesia Menggunakan Metode Design Thinking","The Design Thinking approach successfully developed a mobile application to aid parents in monitoring and educating about stunting in Indonesia, with a grade B user experience.","H. Lukmana, M. Alhusaini",2024,6,"Stunting, a chronic nutritional problem in Indonesia with a prevalence rate of 24.4% among under-fives, is caused by chronic malnutrition and recurrent infections that hinder child growth. Lack of awareness about nutrition and prevention exacerbates the issue. Digital solutions can play a key role in addressing this problem by enabling online health and nutrition monitoring. This research focuses on designing a UI/UX mobile application to aid parents in monitoring and educating about stunting. The Design Thinking approach, involving stages such as Empathize, Define, Ideate, Prototype, and Test, was used to develop the application. The resulting UI/UX design achieved good user experience, with an average System Usability Scale (SUS) score of 75.375, categorizing it as grade B. The application includes educational, early detection, and consultation features to support parents, health workers, and policymakers in combating stunting in Indonesia.","","METHOMIKA Jurnal Manajemen Informatika dan Komputerisasi Akuntansi","","10.46880/jmika.vol8no2.pp187-198","https://consensus.app/papers/perancangan-uiux-aplikasi-mobile-untuk-pencegah-stunting-lukmana-alhusaini/b8f224633c27548baee84ee2c01195b8/"
"Stunting Prevention Efforts Through Mentoring the Use of the SCATION (Stunting Care Application) for Mothers of Toddlers in the Medan City Community Health Center Work Area","Assistance in using the SCATION application significantly improves stunting prevention knowledge, attitudes, and behaviors among mothers under five.","I. K. Pangaribuan, Fery Agusman Motuho Mendrofa, Gunarmi Gunarmi",2025,2,"Background: Stunting is still one of the main health problems in Indonesia that has an impact on physical growth, cognitive development, and the quality of human resources in the future. The use of digital technology, especially mobile-based health applications, is one of the innovative strategies in supporting stunting prevention efforts. This study aimed to analyze the effect of assistance in the use of SCATION (Stunting Care Application) applications on improving the knowledge, attitudes, and behaviors of mothers under five in stunting prevention.Methods: The study used a quasi-experimental design with a one group pretest-posttest with control group design. The sample amounted to 128 mothers under five who were divided into an intervention group (64 people) and a control group (64 people) using the proportionate simple random sampling technique.Results: Data was collected through knowledge questionnaires, early interventions, digital literacy, and application usage logs, then analyzed using the Chi-Square bivariate test and the differential test (t-test/Wilcoxon). The results showed that assistance in the use of the SCATION application had a significant effect on increasing maternal knowledge about stunting (p < 0.05), changes in stunting prevention attitudes and behaviors, and the sustainability of application use after the intervention period. Mothers with good digital literacy, family support, and adequate internet access were more consistent in using apps and showed better preventive behaviors than the control group.Conclusion: SCATION application assistance has proven to be more effective and efficient than conventional methods in improving stunting prevention efforts in mothers under five. Digital technology-based interventions are worthy of being used as an innovative strategy in supporting the national program to accelerate stunting reduction.","","Open Access Health Scientific Journal","","10.55700/oahsj.v6i2.118","https://consensus.app/papers/stunting-prevention-efforts-through-mentoring-the-use-of-pangaribuan-mendrofa/a14585232a655b3f9dbbdbaa62d5b0cd/"
"Stunting Super App as an Effort Toward Stunting Management in Indonesia: Delphi and Pilot Study","The SEHATI app effectively increases the knowledge of mothers of toddlers with stunted growth on stunting prevention.","Kadek Ayu Erika, Nur Fadilah, A. Latif, Nurhikmawaty Hasbiah, Aidah Juliaty, H. Achmad, Anugrayani Bustamin",2024,18,"Background: Currently, 30 million children are experiencing acute malnutrition, and 8 million children are severely underweight.

Objective: This study aimed to develop a stunting super app, a one-stop app designed to prevent and manage stunting in Indonesia.

Methods: This study consisted of three stages. Stage 1 used a 3-round Delphi study involving 12 experts. In stage 2, 4 experts and a parent of children with stunted growth created an Android app containing stunting educational materials. In stage 3, a pilot study involving a control group was conducted to evaluate parents' knowledge about stunting prevention through the app and standard interventions.

Results: In the Delphi study, 11 consensus statements were extracted; arranged in three major themes, including maternal health education, child health education, and environmental education; and applied in the form of the Sistem Evaluasi Kesehatan Anak Tumbuh Ideal (SEHATI) app. This app was assessed using a content validity index, with a cumulative agreement of ≥80% among the 5 individuals. The pilot study showed an increase in the knowledge of mothers of toddlers with stunted growth before and after the educational intervention (P=.001).

Conclusions: The SEHATI app provides educational content on stunting prevention that can increase the knowledge of mothers of toddlers with stunted growth.

© Kadek Ayu Erika, Nur Fadilah, Aulia Insani Latif, Nurhikmawaty Hasbiah, Aidah Juliaty, Harun Achmad, Anugrayani Bustamin. Originally published in JMIR Human Factors (https://humanfactors.jmir.org).","other","JMIR Human Factors","1","10.2196/54862","https://consensus.app/papers/stunting-super-app-as-an-effort-toward-stunting-management-erika-fadilah/82235ffa166a51c283d07480bdcb3c19/"
"Measurement of User Satisfaction of ELSIMIL Application in Stunting Prevention in Indonesia using EUCS Method","User satisfaction with the ELSIMIL application for stunting prevention in Indonesia is significantly influenced by content quality, but all factors affect satisfaction.","M. Zacky, Eki Saputra",2025,1,"Stunting is a long-term nutritional problem diagnosed in children under two years old and characterized by shorter height difference compared to children of the same age. A public health concern, stunting increases a child's risk of illness and death and stunts their ability to thrive intellectually and physically. The government has given primary responsibility for preventing stunting to the National Population and Family Planning Agency (BKKBN). One of BKKBN's efforts is to develop the ELSIMIL application, which is a media application for screening, mentoring and preventing stunting. However, during the implementation of the use of the ELSIMIL application, there are many problems faced by the family assistance team and prospective brides, one of which is the lack of knowledge of prospective brides in running the ELSIMIL application, for example: during the registration of bride and groom data, there are still many errors in inputting data so that the results issued in the form of an ELSIMIL certificate do not match the condition of the prospective bride and groom. This study uses the End-User Computing Satisfaction (EUCS) method to assess user satisfaction in running the ELSIMIL application. This study shows that the content variable has a significant influence on user satisfaction compared to other variables such as accuracy, format, ease of use, and timeliness. The more relevant and quality information is presented, the more satisfied users will be. However, simultaneously all variables affect user satisfaction. The implications of these findings can provide valuable guidance for digital platform developers and related parties in designing more targeted and effective interventions, as well as facilitating desired behavioral changes in society.","cross-sectional study","SISTEMASI","","10.32520/stmsi.v14i1.4627","https://consensus.app/papers/measurement-of-user-satisfaction-of-elsimil-application-zacky-saputra/dd1fa47756925598abedfb56e9a51773/"
"Desain UI/UX Aplikasi SEWA Menggunakan Metode Design Thinking","The Design Thinking method effectively creates an easy-to-use UI/UX for an early toddler stunting detection application, providing solutions to existing problems.","Nani Purwati, Akhmad Syukron, Kuffi Attabi', Sawwara Sawwara",2023,3,"Stunting in toddlers is a child problem that is still a concern for the government. The government has implemented various policies in an effort to reduce cases of stunting under five in Indonesia. In line with increasingly advanced and rapid technological developments, this study aims to design the UI/UX of an early stunting detection application for toddlers to help posyandu cadres measure and detect early cases of stunting and malnutrition in toddlers. The research method used in UI/UX development is the Design Thinking method. While the application testing method uses the SEQ method. The results of usability testing use the SEQ method with a total of 6 respondents consisting of officers and parents, obtaining a SEQ value of 6.26. The test results above 5.5 mean that this application is easy to use and can provide solutions to existing problems. The Design thinking method is proven to be able to produce a good interface according to user needs.Keywords: UI/UX; User Interface; User Experience; Design Thinking; SEQ.","other","EVOLUSI : Jurnal Sains dan Manajemen","","10.31294/evolusi.v11i2.17154","https://consensus.app/papers/desain-uiux-aplikasi-sewa-menggunakan-metode-design-purwati-syukron/9cf649542357506e9783dd5a10cc4ac3/"
"Development and Evaluation of a Gamified Mobile Application with Two-Dimensional Animation for MPASI Education to Support Stunting Prevention","The gamified mobile application with 2D animation effectively improves mothers' knowledge and adherence to appropriate MPASI practices, supporting stunting prevention.","Diny Anggriani Adnas, Sri Arnilasari, Milasari Milasari",2026,0,"Inappropriate Makanan Pendamping Air Susu Ibu (MPASI) practices (complementary feeding) remain one of the major contributors to child malnutrition and stunting during the first 1,000 days of life. This study aimed to develop and evaluate a gamified mobile application incorporating two-dimensional (2D) animation as a nutrition education medium to improve mothers' knowledge and adherence to appropriate MPASI practices. A Research and Development (RD) approach using the ADDIE model was employed. The application was developed using the Flutter framework and integrates educational modules, 2D animations, interactive quizzes, local food-based MPASI recipes, daily checklists, and gamification features. Its effectiveness was evaluated using a One-Group Pretest–Posttest design involving 30 mothers. Data were analyzed using descriptive statistics, the Shapiro–Wilk test, the Wilcoxon Signed-Rank Test, effect size analysis, and the USE Questionnaire. The results showed that the mean knowledge score increased from 8.93 to 9.97, while the adherence score improved from 27.53 to 30.53 after using the application. Significant improvements were observed for both variables (p = 0.001), with large effect sizes (r = 0.61 and r = 0.62). The application also achieved an excellent usability score (3.70) and high reliability (Cronbach's Alpha = 0.961). These findings indicate that the proposed application effectively improves mothers' knowledge and adherence regarding MPASI while providing an excellent user experience, demonstrating its potential as a digital nutrition education tool to support stunting prevention.","field study","Electronic Journal of Education, Social Economics and Technology","","10.33122/ejeset.v7i1.1458","https://consensus.app/papers/development-and-evaluation-of-a-gamified-mobile-adnas-arnilasari/739408e96806546ea46e7dc36a5ff19b/"
"Perancangan Aplikasi Resep Makanan Pencegah Stunting Menggunakan Metode Design Sprint","This study designed a food recipe application using the design sprint method to prevent stunting in Indonesia by providing nutritious food options and enhancing access to nutritional information for parents and pregnant women.","Khollydayyana mitra Francisca, W. Kusuma, A. Khudori",2025,0,"Stunting is a health problem that is still a serious concern in Indonesia because of its impact on child growth. One of the main factors causing it is the lack of nutritional education for mothers and parents. To help overcome this, this study designed a food recipe application to prevent stunting using the design sprint method combined with persona, crazy 8's, and MVP (Minimum Viable Product). This combination of methods was chosen because it allows the application design process to be carried out quickly, and based on user needs. The design of this application aims to provide information about healthy food menus that are in accordance with children's nutritional needs, especially in preventing stunting. The design of the application user interface (prototype) was developed based on mobile using figma as a design tool. The application design was evaluated using the SUS method with a result of 77 which means that this application has a good level of usability with the Adjective Rating ""GOOD"" included in the grade C category. The results of this study indicate that this application has the potential to help parents, pregnant women in choosing and serving healthier and more nutritious food for children. With this application, it is hoped that the stunting rate in Indonesia can be reduced through easier and more practical access to nutritional information.","other","Jikom: Jurnal Informatika dan Komputer","","10.55794/jikom.v15i2.290","https://consensus.app/papers/perancangan-aplikasi-resep-makanan-pencegah-stunting-francisca-kusuma/03131887f95655f096b7d0d294f9272b/"
"Beyond the interface: benchmarking pediatric mobile health applications for monitoring child growth using the Mobile App Rating Scale","Higher-quality pediatric mobile health apps are needed in Indonesia, particularly in improving user engagement, feedback mechanisms, and accessibility.","A. Irawan, Arie Dwi Alristina, R. D. Laili, Nuke Amalia, Arief Purnama Muharram, A. Miranda, Edmond Girasek",2025,8,"Introduction: As mHealth applications become increasingly adopted in Indonesia, it is crucial to assess their quality and usability for parents and healthcare professionals.

Aim: This study evaluated the quality of pediatric-related mobile health (mHealth) applications available in Indonesia, focusing on their ability to support child growth monitoring and provide educational resources for parents and caregivers.

Methodology: This is a cross-sectional study. From December 1, 2024, and January 31, 2025 we conducted systematic search for pediatric mHealth applications in Indonesian Google Play Store and Apple App Store using predetermined keywords. Inclusion criteria required the applications to be available in Bahasa Indonesia, focus on child health, and include growth tracking or stunting prevention features. We excluded applications that were not functioning during the testing period. Quality assessment was conducted by five healthcare professionals using the Mobile App Rating Scale (MARS). MARS assessed applications from multiple domains, including engagement, functionality, aesthetics, and information quality. Inter-rater reliability was ensured using the Intraclass Correlation Coefficient (ICC). The results were analyzed using descriptive statistics, Pearson's correlation, and T-tests. A p-value of <0.05 is considered to be statistically significant.

Findings: Nine applications were included in this study. Seven of the applications (77.78%) focused on tracking child growth and development and providing educational content. Less than half of the apps had built-in community features that enabled social support (n = 4, 44.44%) and features for feedback mechanisms & personalized guidance (n = 3, 33.33%) respectively. The majority were developed by commercial companies (n = 7, 77.78%). Quality assessment found significant variability across the apps, with high functionality and aesthetics scores but more variability in the domains of app engagement, quality of information, and subjective quality or perceived value.

Conclusion: This research underscored the need for the development of higher-quality, evidence-based mHealth apps for pediatric care in Indonesia, particularly in improving user engagement, feedback mechanisms and accessibility.

© 2025 Irawan, Alristina, Laili, Amalia, Muharram, Miranda, Döbrössy and Girasek.","cross-sectional study","Frontiers in Digital Health","1","10.3389/fdgth.2025.1621293","https://consensus.app/papers/beyond-the-interface-benchmarking-pediatric-mobile-irawan-alristina/d5ec16a0fd3d56afa86cad6138815545/"
"Empowering cadres: the impact of KEPITING, a web-based application on stunting knowledge and attitudes","KEPITING improves cadre knowledge and attitudes towards stunting detection, but requires usability enhancements for optimal impact.","Novan Kurniawan, Sigit Mulyono, Poppy Fitriyani, Eka Putri Yulianti",2025,4,"Introduction: Stunting, an indicator of chronic malnutrition, affects children under five. Cadres hold strategic positions to enhance this. Despite the launch of digital applications designed to address stunting by enhancing knowledge and attitudes, their lasting impacts and usability have not been thoroughly evaluated, especially among cadres.
Methods: We conducted a longitudinal study to evaluate the long-term impact and usability of our web-based app KEPITING (Kader Peduli Stunting) to enhance knowledge and attitudes towards stunting detection among cadres covering two Districts in Jambi. We obtained 152 cadres as participants using purposive sampling, separated into two groups based on their respective districts—one using KEPITING and the other traditional training materials. Data were collected at pre-intervention, post-intervention, and nine months post- intervention using validated questionnaires to assess knowledge and attitude changes. A generalized Linear Model with Repeated Measures ANOVA and Mann-Whitney U tests was employed to examine the effects and interactions.
Results: KEPITING significantly improved knowledge of practical procedures (p <0.001) and nutritional interventions (p <0.001). Overall attitude improved significantly (p = 0.008, η = 0.033). Knowledge retention showed no significant time effect, whereas attitudes improved over time and were better retained in the intervention group. The System Usability Scale scored below an average of 58.7, indicating that usability improvements were needed.
Conclusions: KEPITING enhances cadre knowledge and attitudes but requires usability enhancements for optimal impact. This study highlights the importance of digital tools in stunting interventions and suggests areas for future research focusing on usability and long-term efficacy.","field study","Jurnal Ners","4","10.20473/jn.v20i1.65890","https://consensus.app/papers/empowering-cadres-the-impact-of-kepiting-a-webbased-kurniawan-mulyono/59062709bfbd5c8d977169163a2219da/"
"Development and Validation of a Mobile Application for Early Childhood Nutrition Monitoring: A Multisensor-Based Non-Contact Anthropometric System","The MB-NCAS app is a valid, reliable, and practical tool for monitoring early childhood nutrition and detecting stunting, but limited technology access may hinder its broader application.","Evania Yafie, Pramono, I. W. Sutama, Ahmad Samawi, K. Khairuddin, Rahayu Asyhari",2024,6,"The issue of early childhood nutrition in Indonesia, including the high prevalence of stunting, is of critical importance as it can permanently impair children's physical growth and cognitive development. Parents frequently encounter challenges in accurately and consistently monitoring their children's nutritional status, which impedes the early detection of nutritional issues. This study introduces the Multisensor-Based Non-Contact Anthropometric System (MB-NCAS), a mobile application developed to monitor nutritional status and detect stunting in early childhood. The research encompassed five phases using a modified ADDIE model: Analysis, Design, Development, Implementation, and Evaluation. In the Analysis phase, parent questionnaires identified critical nutritional needs and challenges related to stunting. The Design phase focused on setting clear objectives and developing educational content for the app. The Development phase saw the app's creation, which experts in content accuracy, media design, and instructional strategies subsequently validated. During the Implementation phase, the app was tested with parents in Malang City, who participated in pretest and posttest evaluations to assess the app's practicality and effectiveness.  The results indicated significant improvements in parental knowledge and skills in monitoring child nutrition and stunting, with expert validation scores averaging 92.6% for media design, 86.25% for material content, and 87.28% for instructional design. The MB-NCAS app is a valid, reliable, and practical tool for early childhood nutrition monitoring. However, challenges such as limited technology access in certain areas may hinder its broader application. Future research should explore the app's effectiveness in diverse settings and focus on improving technology accessibility to enhance its impact on public health.","field study","Golden Age: Jurnal Ilmiah Tumbuh Kembang Anak Usia Dini","","10.14421/jga.2024.93-05","https://consensus.app/papers/development-and-validation-of-a-mobile-application-for-yafie-pramono/f5bfb20d540d52e7bfa2b2544eba1087/"
"Innovation of the EDDIS-balita mobile application: An educational and early detection solution for stunting in toddlers to enhance early prevention","The EDDIS-Balita mobile application effectively enhances community understanding of stunting prevention and facilitates rapid early detection, potentially supporting accelerated stunting reduction through timely education and intervention.","S. Mulyanti, Heri Djamiatul Maulana, N. Sari, A. Setiawan",2026,0,"Background: Stunting is a chronic nutritional problem caused by inadequate nutrient intake and recurrent infections, particularly during the First 1,000 Days of Life (HPK). Low parental knowledge regarding balanced nutrition, sanitation, and child growth monitoring contributes to the high incidence of stunting. The use of technology, especially Android-based mobile applications widely utilized by the Indonesian population, offers a significant opportunity as an effective medium for education and early detection of stunting. 
Objective: To design an Android application, “EDDIS-Balita” (Early Detection and Education of Stunting in Toddlers), capable of providing accurate, practical, and easily accessible education and early detection of stunting for the wider community. 
Methods: This study employed the Research and Development (R&D) method with a qualitative approach. System development was conducted using the FAST (Framework for Application of Systems Technology) method, including problem identification, needs analysis, system design, and application construction using MIT App Inventor. The application features include stunting educational materials, stunting screening, stunting status calculation, and a hotline menu. Application testing was carried out using black box testing to assess the accuracy of input and output results. 
Results: The EDDIS-Balita application was proven to function optimally, with a 100% success rate in all tested features. All educational, screening, and calculation menus operated smoothly and were easy to use by mothers of toddlers, posyandu cadres, and healthcare workers as learning media and early detection tools. 
Conclusion: EDDIS-Balita is an effective innovation for enhancing community understanding of stunting prevention while facilitating independent and rapid early detection. This application has strong potential to support accelerated stunting reduction through more timely education and intervention. The study recommends further training and socialization for cadres, healthcare workers, and the community to ensure optimal utilization of the application.","other","JNKI (Jurnal Ners dan Kebidanan Indonesia) (Indonesian Journal of Nursing and Midwifery)","","10.21927/jnki.2026.14(1).44-56","https://consensus.app/papers/innovation-of-the-eddisbalita-mobile-application-an-mulyanti-maulana/9263a75059ac59a096d671f73ac6e2ab/"
"Development of a Smartphone Application “Family Care Stunting” to Increase the Independence of Families with Stunting Toddlers and Comorbid Diseases","The ""Family Care Stunting"" smartphone application significantly increased family health independence in managing stunted toddlers with comorbidities, contributing to comprehensive stunting prevention efforts.","Anita Dyah Listyarini, O. Handayani, Ari Yuniastuti, Eko Farida",2025,0,"Stunting is a complex public health problem in Indonesia. The incidence of stunting in Kudus City was 3,601 toddlers (5.85%), with the highest prevalence in Dawe District (13.32%), Undaan District (11.13%), Gebog District (10.66%), and 238 children under five, accompanied by comorbidities such as acute respiratory tract infections (ARI), diarrhea, tuberculosis (TB), and worms. One of the determining factors for success in combating stunting is family independence in managing the health of toddlers. However, family independence is constrained by limited access to information, lack of balanced nutrition education, sanitation, personal hygiene, symptoms of comorbidities, monitoring and development of toddlers not routinely, non-compliance with immunization and treatment. Smartphone applications can be used to overcome these obstacles. This study aims to develop and evaluate the effectiveness of the “Family Care Stunting” smartphone application in improving the health independence of families of stunted toddlers with comorbidities. This study used a research and development design, with 201 respondents from families of stunted toddlers who had comorbidities. Effectiveness was analyzed using the Wilcoxon nonparametric differential test to compare the level of family health independence before and after the intervention. There was a significant increase in the level of family health independence after the intervention of the “Family Care Stunting” smartphone application (p-value = 0.000). This application has the potential to be an innovative tool that supports families to play an active role in child health management, thereby contributing to more comprehensive stunting prevention and handling efforts.","field study","Jurnal Kesehatan Masyarakat","","10.15294/kemas.v21i2.30551","https://consensus.app/papers/development-of-a-smartphone-application-%E2%80%9Cfamily-care-listyarini-handayani/4566ffe445615efe9efe5dc95e5ced02/"
"Development of an Android-Based Application to Prevent Baby-Born Stunted","ACALS is a high-quality smartphone application that effectively monitors and supports antenatal care for pregnant women, preventing the birth of stunted babies.","Emy Rianti, M. Mumpuni, Karningsih Sudiro, Mugiati Mugiati, Agus Triwinarto",2024,0,"INTRODUCTION: Stunting is still a problem for infants under five years old in Indonesia. One solution to improve the health status of pregnant women to prevent the child born stunting in the digital era is to design an application called ACALS, the “Aplikasi Cegah Anak Lahir Stunting” (ACALS)/ Application for preventing the birth of children with stunting. The application was created as an innovation and strategy for preventing and handling stunting. This study aims to evaluate the design and structure of ACALS as an application used to support the optimization of antenatal care for pregnant women. 
 
METHODOLOGY: The research design is Research and Development to evaluate the quality of innovative products in applications with user authority for pregnant women. This research was conducted in 2019 at the Jonggol Community Health Center, Bogor Regency, West Java, Indonesia. Through this research, a smartphone-based application called the ACALS/ Application was designed to prevent the birth of children with stunting, which was developed based on the Ministry of Health's MCH Handbook. 
 
RESULT: The application is considered high quality based on its evaluation of all dimensions, which include completeness, correctness, security, timeliness, benefits, efficiency, reliability, and usability. Therefore, the design and structure of ACALS have been significantly developed. 
 
CONCLUSION: It was concluded that ACALS is very beneficial for pregnant women during pregnancy as a means of monitoring and supporting the optimization of antenatal care to prevent the birth of stunted babies.","other","Global Journal of Health Science","","10.5539/gjhs.v16n8p1","https://consensus.app/papers/development-of-an-androidbased-application-to-prevent-rianti-mumpuni/4675a0f567f751c0ba49f7a21d7b81ce/"
